distance_cm,ttc,v_rel,voltage,raw_percent,cmd_percent,delta_thr_raw,scenario,accel_detected,brake_detected,misop_flag
31.484,0.930346,-0.00124557,2.07751,75.5018,20,65.5971,3,1,0,-1.76408e+09,1
24.004,0.530971,-0.00268893,1.94857,49.7143,20,45.7729,3,1,0,-1.76408e+09,1
17.476,0.310492,-0.00338703,2.17744,95.4872,0,91.2234,3,1,0,-1.76408e+09,1
25.16,0.558693,-0.0113328,2.06703,73.4066,20,66.2418,3,1,0,-1.76408e+09,1
20.349,0.435928,-0.000645056,2.30315,120.63,0,105.245,3,1,0,-1.76408e+09,1
19.057,0.390773,0.00727343,2.33216,126.432,0,106.696,3,1,0,-1.76408e+09,1
19.125,0.532612,0.0146053,2.26527,113.055,0,77.5238,3,1,0,-1.76408e+09,1